Root,Level 1,Level 2,Level 3
Root,level 1 Child 1,Level 2 Child 1, Level 3 Child 1
Root,level 1 Child 1,Level 2 Child 1, Level 3 Child 2
Root,level 1 Child 1,Level 2 Child 2, Level 3 Child 1
Root,level 1 Child 1,Level 2 Child 2, Level 3 Child 2
Root,level 1 Child 2,Level 2 Child 1, Level 3 Child 1
Root,level 1 Child 2,Level 2 Child 2, Level 3 Child 1
Root,level 1 Child 2,Level 2 Child 2, Level 3 Child 2
Root,level 1 Child 3,Level 2 Child 1, Level 3 Child 1
Root,level 1 Child 3,Level 2 Child 1, Level 3 Child 2
Root,level 1 Child 3,Level 2 Child 1, Level 3 Child 3
